[
  {
    "title": "Mobile App Developer Intern",
    "industry": "Software",
    "location": "Cairo",
    "paid": true,
    "salary": "4000 EGP",
    "duration": "3 months",
    "skills": "Flutter, Dart, Firebase",
    "description": "Help build cross-platform mobile applications.",
    "company": "TechNova"
  },
  {
    "title": "HR Assistant Intern",
    "industry": "Human Resources",
    "location": "Cairo",
    "paid": false,
    "salary": "Unpaid",
    "duration": "1 month",
    "skills": "Communication, MS Office, Recruitment",
    "description": "Support recruitment and employee engagement processes.",
    "company": "TechNova"
  },
  {
    "title": "AI Research Intern",
    "industry": "Artificial Intelligence",
    "location": "Remote",
    "paid": true,
    "salary": "4500 EGP",
    "duration": "4 months",
    "skills": "Python, TensorFlow, NLP",
    "description": "Work on machine learning models for document processing.",
    "company": "TechNova"
  },
  {
    "title": "DevOps Intern",
    "industry": "IT",
    "location": "Cairo",
    "paid": true,
    "salary": "3500 EGP",
    "duration": "3 months",
    "skills": "Linux, Docker, Jenkins",
    "description": "Assist with infrastructure automation and CI/CD pipelines.",
    "company": "TechNova"
  },
  {
    "title": "Video Editing Intern",
    "industry": "Media",
    "location": "Giza",
    "paid": false,
    "salary": "Unpaid",
    "duration": "2 months",
    "skills": "Adobe Premiere, After Effects",
    "description": "Edit promotional and training videos for internal use.",
    "company": "TechNova"
  },
  {
    "title": "Finance Intern",
    "industry": "Finance",
    "location": "Cairo",
    "paid": true,
    "salary": "3000 EGP",
    "duration": "2 months",
    "skills": "Accounting, Excel, QuickBooks",
    "description": "Assist with daily accounting and financial reporting tasks.",
    "company": "TechNova"
  }
]
